timeStamp,elapsed,label,responseCode,responseMessage,threadName,dataType,success,failureMessage,bytes,sentBytes,grpThreads,allThreads,URL,Latency,IdleTime,Connect
1626608820690,41442,warmup 1,200,OK,Spark Thread Group 1 TB Delta SQL_Analytics_large 1-1,text,true,,14254,0,1,1,null,41189,0,1970
1626608862132,22616,warmup 2,200,OK,Spark Thread Group 1 TB Delta SQL_Analytics_large 1-1,text,true,,14069,0,1,1,null,22405,0,0
1626608884748,94485,warmup 3,200,OK,Spark Thread Group 1 TB Delta SQL_Analytics_large 1-1,text,true,,16947,0,1,1,null,94265,0,0
1626608979233,68076,warmup 4,200,OK,Spark Thread Group 1 TB Delta SQL_Analytics_large 1-1,text,true,,22642,0,1,1,null,67850,0,0
1626609047311,10048,warmup 5,200,OK,Spark Thread Group 1 TB Delta SQL_Analytics_large 1-1,text,true,,11732,0,1,1,null,9834,0,0
1626609057359,3277,warmup 6,200,OK,Spark Thread Group 1 TB Delta SQL_Analytics_large 1-1,text,true,,4423,0,1,1,null,3275,0,0
1626609060637,7074,warmup 7,200,OK,Spark Thread Group 1 TB Delta SQL_Analytics_large 1-1,text,true,,14369,0,1,1,null,6843,0,0
1626609067711,2666,warmup 8,200,OK,Spark Thread Group 1 TB Delta SQL_Analytics_large 1-1,text,true,,14342,0,1,1,null,2662,0,0
1626609070377,1580,warmup 9,200,OK,Spark Thread Group 1 TB Delta SQL_Analytics_large 1-1,text,true,,2227,0,1,1,null,1578,0,0
1626609071957,1704,warmup 10,200,OK,Spark Thread Group 1 TB Delta SQL_Analytics_large 1-1,text,true,,356,0,1,1,null,1702,0,0
1626609073662,6155,warmup 11,200,OK,Spark Thread Group 1 TB Delta SQL_Analytics_large 1-1,text,true,,2219,0,1,1,null,5975,0,0
1626609079818,3624,warmup 12,200,OK,Spark Thread Group 1 TB Delta SQL_Analytics_large 1-1,text,true,,28913,0,1,1,null,3617,0,0
1626609083442,3020,warmup 13,200,OK,Spark Thread Group 1 TB Delta SQL_Analytics_large 1-1,text,true,,12887,0,1,1,null,3016,0,0
1626609086463,1787,warmup 14,200,OK,Spark Thread Group 1 TB Delta SQL_Analytics_large 1-1,text,true,,2242,0,1,1,null,1785,0,0
1626609088250,1603,warmup 15,200,OK,Spark Thread Group 1 TB Delta SQL_Analytics_large 1-1,text,true,,1095,0,1,1,null,1602,0,0
1626609089854,30732,warmup 16,200,OK,Spark Thread Group 1 TB Delta SQL_Analytics_large 1-1,text,true,,12879,0,1,1,null,30531,0,0
1626609120585,81598,warmup 17,200,OK,Spark Thread Group 1 TB Delta SQL_Analytics_large 1-1,text,true,,15177,0,1,1,null,81400,0,0
1626609202183,2638,warmup 18,200,OK,Spark Thread Group 1 TB Delta SQL_Analytics_large 1-1,text,true,,27671,0,1,1,null,2636,0,0
1626609204821,1812,warmup 19,200,OK,Spark Thread Group 1 TB Delta SQL_Analytics_large 1-1,text,true,,6163,0,1,1,null,1809,0,0
1626609206633,2421,warmup 20,200,OK,Spark Thread Group 1 TB Delta SQL_Analytics_large 1-1,text,true,,2672,0,1,1,null,2419,0,0
1626609209055,1724,warmup 21,200,OK,Spark Thread Group 1 TB Delta SQL_Analytics_large 1-1,text,true,,10340,0,1,1,null,1719,0,0
1626609210779,24255,warmup 22,200,OK,Spark Thread Group 1 TB Delta SQL_Analytics_large 1-1,text,true,,15861,0,1,1,null,24039,0,0
1626609235034,50118,warmup 23,200,OK,Spark Thread Group 1 TB Delta SQL_Analytics_large 1-1,text,true,,22418,0,1,1,null,49917,0,0
1626609285152,2414,warmup 24,200,OK,Spark Thread Group 1 TB Delta SQL_Analytics_large 1-1,text,true,,16388,0,1,1,null,2412,0,0
1626609287567,7953,SQL QUERY 1 ,200,OK,Spark Thread Group 1 TB Delta SQL_Analytics_large 1-1,text,true,,1714,0,1,1,null,7777,0,0
1626609295521,9007,SQL QUERY 2 ,200,OK,Spark Thread Group 1 TB Delta SQL_Analytics_large 1-1,text,true,,100784,0,1,1,null,8683,0,0
1626609304528,12851,SQL QUERY 3 ,200,OK,Spark Thread Group 1 TB Delta SQL_Analytics_large 1-1,text,true,,4021,0,1,1,null,12682,0,0
1626609317380,21712,SQL QUERY 4 ,200,OK,Spark Thread Group 1 TB Delta SQL_Analytics_large 1-1,text,true,,3353,0,1,1,null,21414,0,0
1626609339092,11925,SQL QUERY 5,200,OK,Spark Thread Group 1 TB Delta SQL_Analytics_large 1-1,text,true,,7204,0,1,1,null,11749,0,0
1626609351018,12833,SQL QUERY 7,200,OK,Spark Thread Group 1 TB Delta SQL_Analytics_large 1-1,text,true,,6444,0,1,1,null,12666,0,0
1626609363851,5590,SQL QUERY 8,200,OK,Spark Thread Group 1 TB Delta SQL_Analytics_large 1-1,text,true,,252,0,1,1,null,5421,0,0
1626609369441,12348,SQL QUERY 10,200,OK,Spark Thread Group 1 TB Delta SQL_Analytics_large 1-1,text,true,,4859,0,1,1,null,12183,0,0
1626609381790,16970,SQL QUERY 11,200,OK,Spark Thread Group 1 TB Delta SQL_Analytics_large 1-1,text,true,,4192,0,1,1,null,16772,0,0
1626609398761,2759,SQL QUERY 12,200,OK,Spark Thread Group 1 TB Delta SQL_Analytics_large 1-1,text,true,,14998,0,1,1,null,2756,0,0
1626609401520,15414,SQL QUERY 13,200,OK,Spark Thread Group 1 TB Delta SQL_Analytics_large 1-1,text,true,,150,0,1,1,null,15235,0,0
1626609416936,18424,SQL QUERY 14,200,OK,Spark Thread Group 1 TB Delta SQL_Analytics_large 1-1,text,true,,3745,0,1,1,null,18242,0,0
1626609435361,5839,SQL QUERY 15,200,OK,Spark Thread Group 1 TB Delta SQL_Analytics_large 1-1,text,true,,1457,0,1,1,null,5838,0,0
1626609441199,23339,SQL QUERY 16,200,OK,Spark Thread Group 1 TB Delta SQL_Analytics_large 1-1,text,true,,78,0,1,1,null,23114,0,0
1626609464539,10766,SQL QUERY 17,200,OK,Spark Thread Group 1 TB Delta SQL_Analytics_large 1-1,text,true,,18278,0,1,1,null,10545,0,0
1626609475305,12761,SQL QUERY 18,200,OK,Spark Thread Group 1 TB Delta SQL_Analytics_large 1-1,text,true,,8866,0,1,1,null,12558,0,0
1626609488067,7508,SQL QUERY 19,200,OK,Spark Thread Group 1 TB Delta SQL_Analytics_large 1-1,text,true,,5353,0,1,1,null,7508,0,0
1626609495576,2828,SQL QUERY 20,200,OK,Spark Thread Group 1 TB Delta SQL_Analytics_large 1-1,text,true,,15100,0,1,1,null,2826,0,0
1626609498404,3693,SQL QUERY 21,200,OK,Spark Thread Group 1 TB Delta SQL_Analytics_large 1-1,text,true,,4447,0,1,1,null,3692,0,0
1626609502097,8902,SQL QUERY 22,200,OK,Spark Thread Group 1 TB Delta SQL_Analytics_large 1-1,text,true,,7489,0,1,1,null,8724,0,0
1626609510999,27374,SQL QUERY 23,200,OK,Spark Thread Group 1 TB Delta SQL_Analytics_large 1-1,text,true,,22,0,1,1,null,27175,0,0
1626609538373,90940,SQL QUERY 24,200,OK,Spark Thread Group 1 TB Delta SQL_Analytics_large 1-1,text,true,,19077,0,1,1,null,90473,0,0
1626609629313,48967,SQL QUERY 25,200,OK,Spark Thread Group 1 TB Delta SQL_Analytics_large 1-1,text,true,,16518,0,1,1,null,48766,0,0
1626609678280,8889,SQL QUERY 26,200,OK,Spark Thread Group 1 TB Delta SQL_Analytics_large 1-1,text,true,,6368,0,1,1,null,8719,0,0
1626609687169,8871,SQL QUERY 27,200,OK,Spark Thread Group 1 TB Delta SQL_Analytics_large 1-1,text,true,,5691,0,1,1,null,8690,0,0
1626609696041,19903,SQL QUERY 28,200,OK,Spark Thread Group 1 TB Delta SQL_Analytics_large 1-1,text,true,,273,0,1,1,null,19717,0,0
1626609715944,33592,SQL QUERY 29,200,OK,Spark Thread Group 1 TB Delta SQL_Analytics_large 1-1,text,true,,14757,0,1,1,null,33386,0,0
1626609749537,8472,SQL QUERY 30,200,OK,Spark Thread Group 1 TB Delta SQL_Analytics_large 1-1,text,true,,10706,0,1,1,null,8249,0,0
1626609758010,6149,SQL QUERY 31,200,OK,Spark Thread Group 1 TB Delta SQL_Analytics_large 1-1,text,true,,29942,0,1,1,null,5913,0,0
1626609764159,11743,SQL QUERY 33,200,OK,Spark Thread Group 1 TB Delta SQL_Analytics_large 1-1,text,true,,1535,0,1,1,null,11583,0,0
1626609775902,7393,SQL QUERY 34,200,OK,Spark Thread Group 1 TB Delta SQL_Analytics_large 1-1,text,true,,278119,0,1,1,null,7382,0,0
1626609783295,10703,SQL QUERY 35,200,OK,Spark Thread Group 1 TB Delta SQL_Analytics_large 1-1,text,true,,5793,0,1,1,null,10485,0,0
1626609793999,9778,SQL QUERY 36,200,OK,Spark Thread Group 1 TB Delta SQL_Analytics_large 1-1,text,true,,4055,0,1,1,null,9609,0,0
1626609803777,5794,SQL QUERY 37,200,OK,Spark Thread Group 1 TB Delta SQL_Analytics_large 1-1,text,true,,320,0,1,1,null,5793,0,0
1626609809572,7758,SQL QUERY 38,200,OK,Spark Thread Group 1 TB Delta SQL_Analytics_large 1-1,text,true,,17,0,1,1,null,7589,0,0
1626609817330,4738,SQL QUERY 39,200,OK,Spark Thread Group 1 TB Delta SQL_Analytics_large 1-1,text,true,,752051,0,1,1,null,4544,0,0
1626609822068,17151,SQL QUERY 40,200,OK,Spark Thread Group 1 TB Delta SQL_Analytics_large 1-1,text,true,,3494,0,1,1,null,16976,0,1
1626609839219,3970,SQL QUERY 42,200,OK,Spark Thread Group 1 TB Delta SQL_Analytics_large 1-1,text,true,,388,0,1,1,null,3969,0,0
1626609843189,4311,SQL QUERY 43,200,OK,Spark Thread Group 1 TB Delta SQL_Analytics_large 1-1,text,true,,9987,0,1,1,null,4310,0,0
1626609847500,5575,SQL QUERY 44,200,OK,Spark Thread Group 1 TB Delta SQL_Analytics_large 1-1,text,true,,528,0,1,1,null,5399,0,0
1626609853076,5447,SQL QUERY 45,200,OK,Spark Thread Group 1 TB Delta SQL_Analytics_large 1-1,text,true,,1525,0,1,1,null,5445,0,0
1626609858523,12410,SQL QUERY 46,200,OK,Spark Thread Group 1 TB Delta SQL_Analytics_large 1-1,text,true,,5510,0,1,1,null,12251,0,0
1626609870934,9093,SQL QUERY 47,200,OK,Spark Thread Group 1 TB Delta SQL_Analytics_large 1-1,text,true,,6198,0,1,1,null,8936,0,0
1626609880027,10466,SQL QUERY 48,200,OK,Spark Thread Group 1 TB Delta SQL_Analytics_large 1-1,text,true,,26,0,1,1,null,10292,0,0
1626609890493,9329,SQL QUERY 49,200,OK,Spark Thread Group 1 TB Delta SQL_Analytics_large 1-1,text,true,,2616,0,1,1,null,9163,0,0
1626609899823,24757,SQL QUERY 50,200,OK,Spark Thread Group 1 TB Delta SQL_Analytics_large 1-1,text,true,,9373,0,1,1,null,24561,0,0
1626609924581,14606,SQL QUERY 51,200,OK,Spark Thread Group 1 TB Delta SQL_Analytics_large 1-1,text,true,,4274,0,1,1,null,14440,0,0
1626609939186,4497,SQL QUERY 52,200,OK,Spark Thread Group 1 TB Delta SQL_Analytics_large 1-1,text,true,,4163,0,1,1,null,4496,0,0
1626609943683,10118,SQL QUERY 53,200,OK,Spark Thread Group 1 TB Delta SQL_Analytics_large 1-1,text,true,,2571,0,1,1,null,9957,0,0
1626609953803,4278,SQL QUERY 54,200,OK,Spark Thread Group 1 TB Delta SQL_Analytics_large 1-1,text,true,,1434,0,1,1,null,4277,0,0
1626609958081,4253,SQL QUERY 55,200,OK,Spark Thread Group 1 TB Delta SQL_Analytics_large 1-1,text,true,,3614,0,1,1,null,4252,0,0
1626609962334,12767,SQL QUERY 56,200,OK,Spark Thread Group 1 TB Delta SQL_Analytics_large 1-1,text,true,,2722,0,1,1,null,12600,0,0
1626609975101,7424,SQL QUERY 57,200,OK,Spark Thread Group 1 TB Delta SQL_Analytics_large 1-1,text,true,,6754,0,1,1,null,7232,0,0
1626609982525,6745,SQL QUERY 59,200,OK,Spark Thread Group 1 TB Delta SQL_Analytics_large 1-1,text,true,,19020,0,1,1,null,6508,0,0
1626609989271,12229,SQL QUERY 60,200,OK,Spark Thread Group 1 TB Delta SQL_Analytics_large 1-1,text,true,,2722,0,1,1,null,12064,0,0
1626610001500,13947,SQL QUERY 61,200,OK,Spark Thread Group 1 TB Delta SQL_Analytics_large 1-1,text,true,,70,0,1,1,null,13782,0,0
1626610015447,4974,SQL QUERY 62,200,OK,Spark Thread Group 1 TB Delta SQL_Analytics_large 1-1,text,true,,5775,0,1,1,null,4973,0,0
1626610020421,4269,SQL QUERY 63,200,OK,Spark Thread Group 1 TB Delta SQL_Analytics_large 1-1,text,true,,2769,0,1,1,null,4268,0,0
1626610024690,44038,SQL QUERY 64,200,OK,Spark Thread Group 1 TB Delta SQL_Analytics_large 1-1,text,true,,1203107,0,1,1,null,41302,0,0
1626610068729,17740,SQL QUERY 65,200,OK,Spark Thread Group 1 TB Delta SQL_Analytics_large 1-1,text,true,,3740,0,1,1,null,17567,0,0
1626610086469,102370,SQL QUERY 67,200,OK,Spark Thread Group 1 TB Delta SQL_Analytics_large 1-1,text,true,,6075,0,1,1,null,102201,0,0
1626610188840,12971,SQL QUERY 68,200,OK,Spark Thread Group 1 TB Delta SQL_Analytics_large 1-1,text,true,,6419,0,1,1,null,12695,0,0
1626610201811,7337,SQL QUERY 69,200,OK,Spark Thread Group 1 TB Delta SQL_Analytics_large 1-1,text,true,,101,0,1,1,null,7337,0,0
1626610209149,4072,SQL QUERY 70,200,OK,Spark Thread Group 1 TB Delta SQL_Analytics_large 1-1,text,true,,1024,0,1,1,null,4071,0,0
1626610213222,28380,SQL QUERY 71,200,OK,Spark Thread Group 1 TB Delta SQL_Analytics_large 1-1,text,true,,13425298,0,1,1,null,18155,0,0
1626610241601,10917,SQL QUERY 72,200,OK,Spark Thread Group 1 TB Delta SQL_Analytics_large 1-1,text,true,,11980,0,1,1,null,10716,0,0
1626610252519,6781,SQL QUERY 73,200,OK,Spark Thread Group 1 TB Delta SQL_Analytics_large 1-1,text,true,,5004,0,1,1,null,6778,0,0
1626610259302,12007,SQL QUERY 74,200,OK,Spark Thread Group 1 TB Delta SQL_Analytics_large 1-1,text,true,,3130,0,1,1,null,11846,0,0
1626610271309,15148,SQL QUERY 75,200,OK,Spark Thread Group 1 TB Delta SQL_Analytics_large 1-1,text,true,,6315,0,1,1,null,14985,0,0
1626610286456,9902,SQL QUERY 76,200,OK,Spark Thread Group 1 TB Delta SQL_Analytics_large 1-1,text,true,,5592,0,1,1,null,9739,0,0
1626610296359,4840,SQL QUERY 77,200,OK,Spark Thread Group 1 TB Delta SQL_Analytics_large 1-1,text,true,,5762,0,1,1,null,4840,0,0
1626610301200,23234,SQL QUERY 78,200,OK,Spark Thread Group 1 TB Delta SQL_Analytics_large 1-1,text,true,,3870,0,1,1,null,23074,0,0
1626610324434,4851,SQL QUERY 79,200,OK,Spark Thread Group 1 TB Delta SQL_Analytics_large 1-1,text,true,,4213,0,1,1,null,4850,0,1
1626610329286,18984,SQL QUERY 80,200,OK,Spark Thread Group 1 TB Delta SQL_Analytics_large 1-1,text,true,,7762,0,1,1,null,18822,0,0
1626610348271,5518,SQL QUERY 81,200,OK,Spark Thread Group 1 TB Delta SQL_Analytics_large 1-1,text,true,,13610,0,1,1,null,5309,0,0
1626610353789,8560,SQL QUERY 82,200,OK,Spark Thread Group 1 TB Delta SQL_Analytics_large 1-1,text,true,,3617,0,1,1,null,8402,0,0
1626610362349,4801,SQL QUERY 83,200,OK,Spark Thread Group 1 TB Delta SQL_Analytics_large 1-1,text,true,,9468,0,1,1,null,4800,0,0
1626610367150,5720,SQL QUERY 84,200,OK,Spark Thread Group 1 TB Delta SQL_Analytics_large 1-1,text,true,,2225,0,1,1,null,5719,0,0
1626610372870,10986,SQL QUERY 85,200,OK,Spark Thread Group 1 TB Delta SQL_Analytics_large 1-1,text,true,,3279,0,1,1,null,10814,0,0
1626610383856,2762,SQL QUERY 86,200,OK,Spark Thread Group 1 TB Delta SQL_Analytics_large 1-1,text,true,,2850,0,1,1,null,2762,0,0
1626610386618,8013,SQL QUERY 87,200,OK,Spark Thread Group 1 TB Delta SQL_Analytics_large 1-1,text,true,,18,0,1,1,null,7794,0,0
1626610394632,32361,SQL QUERY 88,200,OK,Spark Thread Group 1 TB Delta SQL_Analytics_large 1-1,text,true,,163,0,1,1,null,32171,0,0
1626610426993,3828,SQL QUERY 89,200,OK,Spark Thread Group 1 TB Delta SQL_Analytics_large 1-1,text,true,,7298,0,1,1,null,3825,0,0
1626610430821,14428,SQL QUERY 90,200,OK,Spark Thread Group 1 TB Delta SQL_Analytics_large 1-1,text,true,,31,0,1,1,null,14262,0,0
1626610445250,7104,SQL QUERY 91,200,OK,Spark Thread Group 1 TB Delta SQL_Analytics_large 1-1,text,true,,2356,0,1,1,null,7104,0,0
1626610452355,27186,SQL QUERY 93,200,OK,Spark Thread Group 1 TB Delta SQL_Analytics_large 1-1,text,true,,1023,0,1,1,null,26922,0,0
1626610479541,19235,SQL QUERY 94,200,OK,Spark Thread Group 1 TB Delta SQL_Analytics_large 1-1,text,true,,79,0,1,1,null,19038,0,0
1626610498776,9898,SQL QUERY 95,200,OK,Spark Thread Group 1 TB Delta SQL_Analytics_large 1-1,text,true,,80,0,1,1,null,9737,0,0
1626610508674,4904,SQL QUERY 96,200,OK,Spark Thread Group 1 TB Delta SQL_Analytics_large 1-1,text,true,,16,0,1,1,null,4903,0,0
1626610513578,9642,SQL QUERY 97,200,OK,Spark Thread Group 1 TB Delta SQL_Analytics_large 1-1,text,true,,68,0,1,1,null,9486,0,0
1626610523221,9709,SQL QUERY 98,200,OK,Spark Thread Group 1 TB Delta SQL_Analytics_large 1-1,text,true,,7642922,0,1,1,null,5940,0,0
1626610532930,6330,SQL QUERY 99,200,OK,Spark Thread Group 1 TB Delta SQL_Analytics_large 1-1,text,true,,6292,0,1,1,null,6328,0,0
1626610788923,2683,warmup 1,200,OK,Spark Thread Group 1 TB Delta SQL_Analytics_large 1-1,text,true,,14254,0,1,1,null,2677,0,1231
1626610791606,543,warmup 2,200,OK,Spark Thread Group 1 TB Delta SQL_Analytics_large 1-1,text,true,,14069,0,1,1,null,541,0,0
1626610792150,1498,warmup 3,200,OK,Spark Thread Group 1 TB Delta SQL_Analytics_large 1-1,text,true,,16947,0,1,1,null,1493,0,0
1626610793648,1627,warmup 4,200,OK,Spark Thread Group 1 TB Delta SQL_Analytics_large 1-1,text,true,,22642,0,1,1,null,1622,0,0
1626610795275,994,warmup 5,200,OK,Spark Thread Group 1 TB Delta SQL_Analytics_large 1-1,text,true,,11732,0,1,1,null,991,0,0
1626610796269,536,warmup 6,200,OK,Spark Thread Group 1 TB Delta SQL_Analytics_large 1-1,text,true,,4423,0,1,1,null,534,0,0
1626610796805,603,warmup 7,200,OK,Spark Thread Group 1 TB Delta SQL_Analytics_large 1-1,text,true,,14369,0,1,1,null,597,0,0
1626610797408,598,warmup 8,200,OK,Spark Thread Group 1 TB Delta SQL_Analytics_large 1-1,text,true,,14342,0,1,1,null,588,0,0
1626610798006,499,warmup 9,200,OK,Spark Thread Group 1 TB Delta SQL_Analytics_large 1-1,text,true,,2227,0,1,1,null,497,0,0
1626610798506,499,warmup 10,200,OK,Spark Thread Group 1 TB Delta SQL_Analytics_large 1-1,text,true,,356,0,1,1,null,498,0,0
1626610799006,552,warmup 11,200,OK,Spark Thread Group 1 TB Delta SQL_Analytics_large 1-1,text,true,,2219,0,1,1,null,550,0,0
1626610799559,953,warmup 12,200,OK,Spark Thread Group 1 TB Delta SQL_Analytics_large 1-1,text,true,,28913,0,1,1,null,947,0,0
1626610800512,968,warmup 13,200,OK,Spark Thread Group 1 TB Delta SQL_Analytics_large 1-1,text,true,,12887,0,1,1,null,967,0,0
1626610801481,494,warmup 14,200,OK,Spark Thread Group 1 TB Delta SQL_Analytics_large 1-1,text,true,,2242,0,1,1,null,493,0,0
1626610801975,521,warmup 15,200,OK,Spark Thread Group 1 TB Delta SQL_Analytics_large 1-1,text,true,,1095,0,1,1,null,519,0,0
1626610802496,1444,warmup 16,200,OK,Spark Thread Group 1 TB Delta SQL_Analytics_large 1-1,text,true,,12879,0,1,1,null,1440,0,0
1626610803940,1425,warmup 17,200,OK,Spark Thread Group 1 TB Delta SQL_Analytics_large 1-1,text,true,,15177,0,1,1,null,1422,0,0
1626610805366,994,warmup 18,200,OK,Spark Thread Group 1 TB Delta SQL_Analytics_large 1-1,text,true,,27671,0,1,1,null,987,0,0
1626610806360,515,warmup 19,200,OK,Spark Thread Group 1 TB Delta SQL_Analytics_large 1-1,text,true,,6163,0,1,1,null,513,0,0
1626610806876,936,warmup 20,200,OK,Spark Thread Group 1 TB Delta SQL_Analytics_large 1-1,text,true,,2672,0,1,1,null,933,0,0
1626610807812,550,warmup 21,200,OK,Spark Thread Group 1 TB Delta SQL_Analytics_large 1-1,text,true,,10340,0,1,1,null,546,0,0
1626610808362,1650,warmup 22,200,OK,Spark Thread Group 1 TB Delta SQL_Analytics_large 1-1,text,true,,15861,0,1,1,null,1648,0,0
1626610810012,1532,warmup 23,200,OK,Spark Thread Group 1 TB Delta SQL_Analytics_large 1-1,text,true,,22418,0,1,1,null,1530,0,0
1626610811545,960,warmup 24,200,OK,Spark Thread Group 1 TB Delta SQL_Analytics_large 1-1,text,true,,16388,0,1,1,null,957,0,0
1626610812506,1237,SQL QUERY 1 ,200,OK,Spark Thread Group 1 TB Delta SQL_Analytics_large 1-1,text,true,,1714,0,1,1,null,1237,0,0
1626610813744,1391,SQL QUERY 2 ,200,OK,Spark Thread Group 1 TB Delta SQL_Analytics_large 1-1,text,true,,100784,0,1,1,null,1385,0,0
1626610815135,1867,SQL QUERY 3 ,200,OK,Spark Thread Group 1 TB Delta SQL_Analytics_large 1-1,text,true,,4021,0,1,1,null,1865,0,0
1626610817003,1666,SQL QUERY 4 ,200,OK,Spark Thread Group 1 TB Delta SQL_Analytics_large 1-1,text,true,,3353,0,1,1,null,1664,0,0
1626610818669,1777,SQL QUERY 5,200,OK,Spark Thread Group 1 TB Delta SQL_Analytics_large 1-1,text,true,,7204,0,1,1,null,1776,0,0
1626610820446,2913,SQL QUERY 7,200,OK,Spark Thread Group 1 TB Delta SQL_Analytics_large 1-1,text,true,,6444,0,1,1,null,2911,0,0
1626610823359,595,SQL QUERY 8,200,OK,Spark Thread Group 1 TB Delta SQL_Analytics_large 1-1,text,true,,252,0,1,1,null,594,0,0
1626610823954,5115,SQL QUERY 10,200,OK,Spark Thread Group 1 TB Delta SQL_Analytics_large 1-1,text,true,,4859,0,1,1,null,5115,0,0
1626610829069,1082,SQL QUERY 11,200,OK,Spark Thread Group 1 TB Delta SQL_Analytics_large 1-1,text,true,,4192,0,1,1,null,1081,0,0
1626610830151,538,SQL QUERY 12,200,OK,Spark Thread Group 1 TB Delta SQL_Analytics_large 1-1,text,true,,14998,0,1,1,null,537,0,0
1626610830689,3303,SQL QUERY 13,200,OK,Spark Thread Group 1 TB Delta SQL_Analytics_large 1-1,text,true,,150,0,1,1,null,3302,0,0
1626610833992,20758,SQL QUERY 14,200,OK,Spark Thread Group 1 TB Delta SQL_Analytics_large 1-1,text,true,,3745,0,1,1,null,20585,0,0
1626610854750,3720,SQL QUERY 15,200,OK,Spark Thread Group 1 TB Delta SQL_Analytics_large 1-1,text,true,,1457,0,1,1,null,3720,0,0
1626610858471,4109,SQL QUERY 16,200,OK,Spark Thread Group 1 TB Delta SQL_Analytics_large 1-1,text,true,,78,0,1,1,null,4108,0,0
1626610862579,4994,SQL QUERY 17,200,OK,Spark Thread Group 1 TB Delta SQL_Analytics_large 1-1,text,true,,18278,0,1,1,null,4993,0,0
1626610867573,3803,SQL QUERY 18,200,OK,Spark Thread Group 1 TB Delta SQL_Analytics_large 1-1,text,true,,8866,0,1,1,null,3802,0,0
1626610871376,3441,SQL QUERY 19,200,OK,Spark Thread Group 1 TB Delta SQL_Analytics_large 1-1,text,true,,5353,0,1,1,null,3440,0,0
1626610874817,647,SQL QUERY 20,200,OK,Spark Thread Group 1 TB Delta SQL_Analytics_large 1-1,text,true,,15100,0,1,1,null,647,0,0
1626610875464,2611,SQL QUERY 21,200,OK,Spark Thread Group 1 TB Delta SQL_Analytics_large 1-1,text,true,,4447,0,1,1,null,2610,0,0
1626610878076,2161,SQL QUERY 22,200,OK,Spark Thread Group 1 TB Delta SQL_Analytics_large 1-1,text,true,,7489,0,1,1,null,2159,0,0
1626610880238,27965,SQL QUERY 23,200,OK,Spark Thread Group 1 TB Delta SQL_Analytics_large 1-1,text,true,,22,0,1,1,null,27791,0,0
1626610908204,1588,SQL QUERY 24,200,OK,Spark Thread Group 1 TB Delta SQL_Analytics_large 1-1,text,true,,19077,0,1,1,null,1584,0,0
1626610909792,5529,SQL QUERY 25,200,OK,Spark Thread Group 1 TB Delta SQL_Analytics_large 1-1,text,true,,16518,0,1,1,null,5528,0,0
1626610915321,3121,SQL QUERY 26,200,OK,Spark Thread Group 1 TB Delta SQL_Analytics_large 1-1,text,true,,6368,0,1,1,null,3120,0,0
1626610918442,2838,SQL QUERY 27,200,OK,Spark Thread Group 1 TB Delta SQL_Analytics_large 1-1,text,true,,5691,0,1,1,null,2837,0,0
1626610921280,4539,SQL QUERY 28,200,OK,Spark Thread Group 1 TB Delta SQL_Analytics_large 1-1,text,true,,273,0,1,1,null,4538,0,0
1626610925819,5109,SQL QUERY 29,200,OK,Spark Thread Group 1 TB Delta SQL_Analytics_large 1-1,text,true,,14757,0,1,1,null,5109,0,0
1626610930929,1811,SQL QUERY 30,200,OK,Spark Thread Group 1 TB Delta SQL_Analytics_large 1-1,text,true,,10706,0,1,1,null,1810,0,0
1626610932741,1076,SQL QUERY 31,200,OK,Spark Thread Group 1 TB Delta SQL_Analytics_large 1-1,text,true,,29942,0,1,1,null,1074,0,0
1626610933817,11899,SQL QUERY 33,200,OK,Spark Thread Group 1 TB Delta SQL_Analytics_large 1-1,text,true,,1535,0,1,1,null,11733,0,0
1626610945715,2801,SQL QUERY 34,200,OK,Spark Thread Group 1 TB Delta SQL_Analytics_large 1-1,text,true,,278119,0,1,1,null,2791,0,0
1626610948516,5340,SQL QUERY 35,200,OK,Spark Thread Group 1 TB Delta SQL_Analytics_large 1-1,text,true,,5793,0,1,1,null,5339,0,0
1626610953856,612,SQL QUERY 36,200,OK,Spark Thread Group 1 TB Delta SQL_Analytics_large 1-1,text,true,,4055,0,1,1,null,610,0,0
1626610954468,2538,SQL QUERY 37,200,OK,Spark Thread Group 1 TB Delta SQL_Analytics_large 1-1,text,true,,320,0,1,1,null,2537,0,0
1626610957006,785,SQL QUERY 38,200,OK,Spark Thread Group 1 TB Delta SQL_Analytics_large 1-1,text,true,,17,0,1,1,null,784,0,0
1626610957792,1140,SQL QUERY 39,200,OK,Spark Thread Group 1 TB Delta SQL_Analytics_large 1-1,text,true,,752051,0,1,1,null,973,0,0
1626610958933,3460,SQL QUERY 40,200,OK,Spark Thread Group 1 TB Delta SQL_Analytics_large 1-1,text,true,,3494,0,1,1,null,3459,0,0
1626610962393,1939,SQL QUERY 42,200,OK,Spark Thread Group 1 TB Delta SQL_Analytics_large 1-1,text,true,,388,0,1,1,null,1938,0,0
1626610964332,2089,SQL QUERY 43,200,OK,Spark Thread Group 1 TB Delta SQL_Analytics_large 1-1,text,true,,9987,0,1,1,null,2088,0,0
1626610966421,772,SQL QUERY 44,200,OK,Spark Thread Group 1 TB Delta SQL_Analytics_large 1-1,text,true,,528,0,1,1,null,771,0,0
1626610967194,5931,SQL QUERY 45,200,OK,Spark Thread Group 1 TB Delta SQL_Analytics_large 1-1,text,true,,1525,0,1,1,null,5930,0,0
1626610973125,4185,SQL QUERY 46,200,OK,Spark Thread Group 1 TB Delta SQL_Analytics_large 1-1,text,true,,5510,0,1,1,null,4184,0,0
1626610977310,1114,SQL QUERY 47,200,OK,Spark Thread Group 1 TB Delta SQL_Analytics_large 1-1,text,true,,6198,0,1,1,null,1112,0,0
1626610978424,3371,SQL QUERY 48,200,OK,Spark Thread Group 1 TB Delta SQL_Analytics_large 1-1,text,true,,26,0,1,1,null,3370,0,0
1626610981796,2306,SQL QUERY 49,200,OK,Spark Thread Group 1 TB Delta SQL_Analytics_large 1-1,text,true,,2616,0,1,1,null,2306,0,0
1626610984102,3355,SQL QUERY 50,200,OK,Spark Thread Group 1 TB Delta SQL_Analytics_large 1-1,text,true,,9373,0,1,1,null,3354,0,0
1626610987456,623,SQL QUERY 51,200,OK,Spark Thread Group 1 TB Delta SQL_Analytics_large 1-1,text,true,,4274,0,1,1,null,622,0,0
1626610988079,1974,SQL QUERY 52,200,OK,Spark Thread Group 1 TB Delta SQL_Analytics_large 1-1,text,true,,4163,0,1,1,null,1974,0,0
1626610990054,605,SQL QUERY 53,200,OK,Spark Thread Group 1 TB Delta SQL_Analytics_large 1-1,text,true,,2571,0,1,1,null,604,0,0
1626610990659,952,SQL QUERY 54,200,OK,Spark Thread Group 1 TB Delta SQL_Analytics_large 1-1,text,true,,1434,0,1,1,null,951,0,0
1626610991612,1974,SQL QUERY 55,200,OK,Spark Thread Group 1 TB Delta SQL_Analytics_large 1-1,text,true,,3614,0,1,1,null,1973,0,0
1626610993586,12163,SQL QUERY 56,200,OK,Spark Thread Group 1 TB Delta SQL_Analytics_large 1-1,text,true,,2722,0,1,1,null,12004,0,0
1626611005748,1159,SQL QUERY 57,200,OK,Spark Thread Group 1 TB Delta SQL_Analytics_large 1-1,text,true,,6754,0,1,1,null,1158,0,0
1626611006908,821,SQL QUERY 59,200,OK,Spark Thread Group 1 TB Delta SQL_Analytics_large 1-1,text,true,,19020,0,1,1,null,820,0,0
1626611007730,13832,SQL QUERY 60,200,OK,Spark Thread Group 1 TB Delta SQL_Analytics_large 1-1,text,true,,2722,0,1,1,null,13633,0,0
1626611021561,7894,SQL QUERY 61,200,OK,Spark Thread Group 1 TB Delta SQL_Analytics_large 1-1,text,true,,70,0,1,1,null,7893,0,0
1626611029456,2922,SQL QUERY 62,200,OK,Spark Thread Group 1 TB Delta SQL_Analytics_large 1-1,text,true,,5775,0,1,1,null,2921,0,0
1626611032378,746,SQL QUERY 63,200,OK,Spark Thread Group 1 TB Delta SQL_Analytics_large 1-1,text,true,,2769,0,1,1,null,746,0,0
1626611033125,5161,SQL QUERY 64,200,OK,Spark Thread Group 1 TB Delta SQL_Analytics_large 1-1,text,true,,1203107,0,1,1,null,5107,0,0
1626611038286,3769,SQL QUERY 65,200,OK,Spark Thread Group 1 TB Delta SQL_Analytics_large 1-1,text,true,,3740,0,1,1,null,3767,0,1
1626611042055,619,SQL QUERY 67,200,OK,Spark Thread Group 1 TB Delta SQL_Analytics_large 1-1,text,true,,6075,0,1,1,null,617,0,0
1626611042674,3884,SQL QUERY 68,200,OK,Spark Thread Group 1 TB Delta SQL_Analytics_large 1-1,text,true,,6419,0,1,1,null,3882,0,1
1626611046558,5327,SQL QUERY 69,200,OK,Spark Thread Group 1 TB Delta SQL_Analytics_large 1-1,text,true,,101,0,1,1,null,5327,0,0
1626611051886,3931,SQL QUERY 70,200,OK,Spark Thread Group 1 TB Delta SQL_Analytics_large 1-1,text,true,,1024,0,1,1,null,3930,0,0
1626611055817,12879,SQL QUERY 71,200,OK,Spark Thread Group 1 TB Delta SQL_Analytics_large 1-1,text,true,,13425298,0,1,1,null,5022,0,0
1626611068696,902,SQL QUERY 72,200,OK,Spark Thread Group 1 TB Delta SQL_Analytics_large 1-1,text,true,,11980,0,1,1,null,900,0,0
1626611069598,2826,SQL QUERY 73,200,OK,Spark Thread Group 1 TB Delta SQL_Analytics_large 1-1,text,true,,5004,0,1,1,null,2824,0,0
1626611072424,1303,SQL QUERY 74,200,OK,Spark Thread Group 1 TB Delta SQL_Analytics_large 1-1,text,true,,3130,0,1,1,null,1302,0,0
1626611073727,2909,SQL QUERY 75,200,OK,Spark Thread Group 1 TB Delta SQL_Analytics_large 1-1,text,true,,6315,0,1,1,null,2908,0,0
1626611076637,5047,SQL QUERY 76,200,OK,Spark Thread Group 1 TB Delta SQL_Analytics_large 1-1,text,true,,5592,0,1,1,null,5046,0,0
1626611081684,1927,SQL QUERY 77,200,OK,Spark Thread Group 1 TB Delta SQL_Analytics_large 1-1,text,true,,5762,0,1,1,null,1926,0,0
1626611083612,1578,SQL QUERY 78,200,OK,Spark Thread Group 1 TB Delta SQL_Analytics_large 1-1,text,true,,3870,0,1,1,null,1576,0,0
1626611085190,2394,SQL QUERY 79,200,OK,Spark Thread Group 1 TB Delta SQL_Analytics_large 1-1,text,true,,4213,0,1,1,null,2393,0,0
1626611087585,1742,SQL QUERY 80,200,OK,Spark Thread Group 1 TB Delta SQL_Analytics_large 1-1,text,true,,7762,0,1,1,null,1741,0,0
1626611089327,941,SQL QUERY 81,200,OK,Spark Thread Group 1 TB Delta SQL_Analytics_large 1-1,text,true,,13610,0,1,1,null,940,0,0
1626611090268,2123,SQL QUERY 82,200,OK,Spark Thread Group 1 TB Delta SQL_Analytics_large 1-1,text,true,,3617,0,1,1,null,2122,0,0
1626611092391,3934,SQL QUERY 83,200,OK,Spark Thread Group 1 TB Delta SQL_Analytics_large 1-1,text,true,,9468,0,1,1,null,3933,0,0
1626611096326,3165,SQL QUERY 84,200,OK,Spark Thread Group 1 TB Delta SQL_Analytics_large 1-1,text,true,,2225,0,1,1,null,3165,0,0
1626611099491,4025,SQL QUERY 85,200,OK,Spark Thread Group 1 TB Delta SQL_Analytics_large 1-1,text,true,,3279,0,1,1,null,4023,0,0
1626611103516,591,SQL QUERY 86,200,OK,Spark Thread Group 1 TB Delta SQL_Analytics_large 1-1,text,true,,2850,0,1,1,null,590,0,0
1626611104108,896,SQL QUERY 87,200,OK,Spark Thread Group 1 TB Delta SQL_Analytics_large 1-1,text,true,,18,0,1,1,null,895,0,0
1626611105005,14529,SQL QUERY 88,200,OK,Spark Thread Group 1 TB Delta SQL_Analytics_large 1-1,text,true,,163,0,1,1,null,14528,0,0
1626611119534,592,SQL QUERY 89,200,OK,Spark Thread Group 1 TB Delta SQL_Analytics_large 1-1,text,true,,7298,0,1,1,null,591,0,0
1626611120126,3105,SQL QUERY 90,200,OK,Spark Thread Group 1 TB Delta SQL_Analytics_large 1-1,text,true,,31,0,1,1,null,3104,0,0
1626611123232,3643,SQL QUERY 91,200,OK,Spark Thread Group 1 TB Delta SQL_Analytics_large 1-1,text,true,,2356,0,1,1,null,3642,0,0
1626611126876,2490,SQL QUERY 93,200,OK,Spark Thread Group 1 TB Delta SQL_Analytics_large 1-1,text,true,,1023,0,1,1,null,2489,0,0
1626611129367,4841,SQL QUERY 94,200,OK,Spark Thread Group 1 TB Delta SQL_Analytics_large 1-1,text,true,,79,0,1,1,null,4840,0,0
1626611134208,9732,SQL QUERY 95,200,OK,Spark Thread Group 1 TB Delta SQL_Analytics_large 1-1,text,true,,80,0,1,1,null,9573,0,0
1626611143940,2287,SQL QUERY 96,200,OK,Spark Thread Group 1 TB Delta SQL_Analytics_large 1-1,text,true,,16,0,1,1,null,2286,0,0
1626611146228,957,SQL QUERY 97,200,OK,Spark Thread Group 1 TB Delta SQL_Analytics_large 1-1,text,true,,68,0,1,1,null,956,0,0
1626611147186,2268,SQL QUERY 98,200,OK,Spark Thread Group 1 TB Delta SQL_Analytics_large 1-1,text,true,,7642922,0,1,1,null,897,0,0
1626611149454,3022,SQL QUERY 99,200,OK,Spark Thread Group 1 TB Delta SQL_Analytics_large 1-1,text,true,,6292,0,1,1,null,3021,0,0
1626611207138,1784,warmup 1,200,OK,Spark Thread Group 1 TB Delta SQL_Analytics_large 1-1,text,true,,14254,0,1,1,null,1779,0,536
1626611208922,535,warmup 2,200,OK,Spark Thread Group 1 TB Delta SQL_Analytics_large 1-1,text,true,,14069,0,1,1,null,534,0,0
1626611209457,1167,warmup 3,200,OK,Spark Thread Group 1 TB Delta SQL_Analytics_large 1-1,text,true,,16947,0,1,1,null,1164,0,0
1626611210625,1144,warmup 4,200,OK,Spark Thread Group 1 TB Delta SQL_Analytics_large 1-1,text,true,,22642,0,1,1,null,1143,0,0
1626611211769,965,warmup 5,200,OK,Spark Thread Group 1 TB Delta SQL_Analytics_large 1-1,text,true,,11732,0,1,1,null,964,0,0
1626611212735,541,warmup 6,200,OK,Spark Thread Group 1 TB Delta SQL_Analytics_large 1-1,text,true,,4423,0,1,1,null,540,0,0
1626611213276,585,warmup 7,200,OK,Spark Thread Group 1 TB Delta SQL_Analytics_large 1-1,text,true,,14369,0,1,1,null,582,0,0
1626611213861,605,warmup 8,200,OK,Spark Thread Group 1 TB Delta SQL_Analytics_large 1-1,text,true,,14342,0,1,1,null,602,0,0
1626611214466,575,warmup 9,200,OK,Spark Thread Group 1 TB Delta SQL_Analytics_large 1-1,text,true,,2227,0,1,1,null,573,0,0
1626611215041,631,warmup 10,200,OK,Spark Thread Group 1 TB Delta SQL_Analytics_large 1-1,text,true,,356,0,1,1,null,630,0,0
1626611215673,551,warmup 11,200,OK,Spark Thread Group 1 TB Delta SQL_Analytics_large 1-1,text,true,,2219,0,1,1,null,550,0,0
1626611216225,1057,warmup 12,200,OK,Spark Thread Group 1 TB Delta SQL_Analytics_large 1-1,text,true,,28913,0,1,1,null,1055,0,0
1626611217283,987,warmup 13,200,OK,Spark Thread Group 1 TB Delta SQL_Analytics_large 1-1,text,true,,12887,0,1,1,null,984,0,0
1626611218270,499,warmup 14,200,OK,Spark Thread Group 1 TB Delta SQL_Analytics_large 1-1,text,true,,2242,0,1,1,null,498,0,0
1626611218769,517,warmup 15,200,OK,Spark Thread Group 1 TB Delta SQL_Analytics_large 1-1,text,true,,1095,0,1,1,null,516,0,0
1626611219286,1805,warmup 16,200,OK,Spark Thread Group 1 TB Delta SQL_Analytics_large 1-1,text,true,,12879,0,1,1,null,1805,0,0
1626611221091,1399,warmup 17,200,OK,Spark Thread Group 1 TB Delta SQL_Analytics_large 1-1,text,true,,15177,0,1,1,null,1396,0,0
1626611222490,988,warmup 18,200,OK,Spark Thread Group 1 TB Delta SQL_Analytics_large 1-1,text,true,,27671,0,1,1,null,983,0,0
1626611223478,517,warmup 19,200,OK,Spark Thread Group 1 TB Delta SQL_Analytics_large 1-1,text,true,,6163,0,1,1,null,516,0,0
1626611223996,915,warmup 20,200,OK,Spark Thread Group 1 TB Delta SQL_Analytics_large 1-1,text,true,,2672,0,1,1,null,914,0,0
1626611224911,561,warmup 21,200,OK,Spark Thread Group 1 TB Delta SQL_Analytics_large 1-1,text,true,,10340,0,1,1,null,558,0,0
1626611225473,1866,warmup 22,200,OK,Spark Thread Group 1 TB Delta SQL_Analytics_large 1-1,text,true,,15861,0,1,1,null,1864,0,0
1626611227340,1456,warmup 23,200,OK,Spark Thread Group 1 TB Delta SQL_Analytics_large 1-1,text,true,,22418,0,1,1,null,1452,0,0
1626611228796,964,warmup 24,200,OK,Spark Thread Group 1 TB Delta SQL_Analytics_large 1-1,text,true,,16388,0,1,1,null,963,0,0
1626611229761,1164,SQL QUERY 1 ,200,OK,Spark Thread Group 1 TB Delta SQL_Analytics_large 1-1,text,true,,1714,0,1,1,null,1163,0,0
1626611230925,1455,SQL QUERY 2 ,200,OK,Spark Thread Group 1 TB Delta SQL_Analytics_large 1-1,text,true,,100784,0,1,1,null,1438,0,0
1626611232380,2013,SQL QUERY 3 ,200,OK,Spark Thread Group 1 TB Delta SQL_Analytics_large 1-1,text,true,,4021,0,1,1,null,2011,0,0
1626611234393,1675,SQL QUERY 4 ,200,OK,Spark Thread Group 1 TB Delta SQL_Analytics_large 1-1,text,true,,3353,0,1,1,null,1674,0,0
1626611236068,1798,SQL QUERY 5,200,OK,Spark Thread Group 1 TB Delta SQL_Analytics_large 1-1,text,true,,7204,0,1,1,null,1797,0,0
1626611237866,2808,SQL QUERY 7,200,OK,Spark Thread Group 1 TB Delta SQL_Analytics_large 1-1,text,true,,6444,0,1,1,null,2808,0,0
1626611240675,621,SQL QUERY 8,200,OK,Spark Thread Group 1 TB Delta SQL_Analytics_large 1-1,text,true,,252,0,1,1,null,620,0,0
1626611241296,5075,SQL QUERY 10,200,OK,Spark Thread Group 1 TB Delta SQL_Analytics_large 1-1,text,true,,4859,0,1,1,null,5075,0,0
1626611246372,1043,SQL QUERY 11,200,OK,Spark Thread Group 1 TB Delta SQL_Analytics_large 1-1,text,true,,4192,0,1,1,null,1041,0,0
1626611247415,545,SQL QUERY 12,200,OK,Spark Thread Group 1 TB Delta SQL_Analytics_large 1-1,text,true,,14998,0,1,1,null,544,0,0
1626611247961,3186,SQL QUERY 13,200,OK,Spark Thread Group 1 TB Delta SQL_Analytics_large 1-1,text,true,,150,0,1,1,null,3185,0,0
1626611251147,15036,SQL QUERY 14,200,OK,Spark Thread Group 1 TB Delta SQL_Analytics_large 1-1,text,true,,3745,0,1,1,null,14880,0,0
1626611266183,2407,SQL QUERY 15,200,OK,Spark Thread Group 1 TB Delta SQL_Analytics_large 1-1,text,true,,1457,0,1,1,null,2406,0,0
1626611268591,4321,SQL QUERY 16,200,OK,Spark Thread Group 1 TB Delta SQL_Analytics_large 1-1,text,true,,78,0,1,1,null,4320,0,0
1626611272911,5082,SQL QUERY 17,200,OK,Spark Thread Group 1 TB Delta SQL_Analytics_large 1-1,text,true,,18278,0,1,1,null,5080,0,0
1626611277994,3567,SQL QUERY 18,200,OK,Spark Thread Group 1 TB Delta SQL_Analytics_large 1-1,text,true,,8866,0,1,1,null,3566,0,0
1626611281561,3658,SQL QUERY 19,200,OK,Spark Thread Group 1 TB Delta SQL_Analytics_large 1-1,text,true,,5353,0,1,1,null,3656,0,0
1626611285219,627,SQL QUERY 20,200,OK,Spark Thread Group 1 TB Delta SQL_Analytics_large 1-1,text,true,,15100,0,1,1,null,625,0,0
1626611285846,2158,SQL QUERY 21,200,OK,Spark Thread Group 1 TB Delta SQL_Analytics_large 1-1,text,true,,4447,0,1,1,null,2157,0,0
1626611288005,2473,SQL QUERY 22,200,OK,Spark Thread Group 1 TB Delta SQL_Analytics_large 1-1,text,true,,7489,0,1,1,null,2472,0,0
1626611290478,27860,SQL QUERY 23,200,OK,Spark Thread Group 1 TB Delta SQL_Analytics_large 1-1,text,true,,22,0,1,1,null,27687,0,0
1626611318337,1491,SQL QUERY 24,200,OK,Spark Thread Group 1 TB Delta SQL_Analytics_large 1-1,text,true,,19077,0,1,1,null,1488,0,0
1626611319829,5280,SQL QUERY 25,200,OK,Spark Thread Group 1 TB Delta SQL_Analytics_large 1-1,text,true,,16518,0,1,1,null,5279,0,0
1626611325109,2932,SQL QUERY 26,200,OK,Spark Thread Group 1 TB Delta SQL_Analytics_large 1-1,text,true,,6368,0,1,1,null,2930,0,0
1626611328041,3043,SQL QUERY 27,200,OK,Spark Thread Group 1 TB Delta SQL_Analytics_large 1-1,text,true,,5691,0,1,1,null,3041,0,0
1626611331084,4480,SQL QUERY 28,200,OK,Spark Thread Group 1 TB Delta SQL_Analytics_large 1-1,text,true,,273,0,1,1,null,4479,0,0
1626611335564,4978,SQL QUERY 29,200,OK,Spark Thread Group 1 TB Delta SQL_Analytics_large 1-1,text,true,,14757,0,1,1,null,4977,0,0
1626611340543,1814,SQL QUERY 30,200,OK,Spark Thread Group 1 TB Delta SQL_Analytics_large 1-1,text,true,,10706,0,1,1,null,1813,0,0
1626611342356,1119,SQL QUERY 31,200,OK,Spark Thread Group 1 TB Delta SQL_Analytics_large 1-1,text,true,,29942,0,1,1,null,1114,0,0
1626611343475,10830,SQL QUERY 33,200,OK,Spark Thread Group 1 TB Delta SQL_Analytics_large 1-1,text,true,,1535,0,1,1,null,10669,0,0
1626611354306,3281,SQL QUERY 34,200,OK,Spark Thread Group 1 TB Delta SQL_Analytics_large 1-1,text,true,,278119,0,1,1,null,3256,0,0
1626611357587,5285,SQL QUERY 35,200,OK,Spark Thread Group 1 TB Delta SQL_Analytics_large 1-1,text,true,,5793,0,1,1,null,5283,0,0
1626611362872,672,SQL QUERY 36,200,OK,Spark Thread Group 1 TB Delta SQL_Analytics_large 1-1,text,true,,4055,0,1,1,null,671,0,0
1626611363544,2233,SQL QUERY 37,200,OK,Spark Thread Group 1 TB Delta SQL_Analytics_large 1-1,text,true,,320,0,1,1,null,2232,0,1
1626611365778,747,SQL QUERY 38,200,OK,Spark Thread Group 1 TB Delta SQL_Analytics_large 1-1,text,true,,17,0,1,1,null,746,0,0
1626611366525,1457,SQL QUERY 39,200,OK,Spark Thread Group 1 TB Delta SQL_Analytics_large 1-1,text,true,,752051,0,1,1,null,1295,0,0
1626611367983,3454,SQL QUERY 40,200,OK,Spark Thread Group 1 TB Delta SQL_Analytics_large 1-1,text,true,,3494,0,1,1,null,3454,0,0
1626611371437,2207,SQL QUERY 42,200,OK,Spark Thread Group 1 TB Delta SQL_Analytics_large 1-1,text,true,,388,0,1,1,null,2207,0,0
1626611373645,2034,SQL QUERY 43,200,OK,Spark Thread Group 1 TB Delta SQL_Analytics_large 1-1,text,true,,9987,0,1,1,null,2033,0,1
1626611375680,696,SQL QUERY 44,200,OK,Spark Thread Group 1 TB Delta SQL_Analytics_large 1-1,text,true,,528,0,1,1,null,695,0,0
1626611376377,5275,SQL QUERY 45,200,OK,Spark Thread Group 1 TB Delta SQL_Analytics_large 1-1,text,true,,1525,0,1,1,null,5273,0,0
1626611381651,3918,SQL QUERY 46,200,OK,Spark Thread Group 1 TB Delta SQL_Analytics_large 1-1,text,true,,5510,0,1,1,null,3916,0,0
1626611385569,1063,SQL QUERY 47,200,OK,Spark Thread Group 1 TB Delta SQL_Analytics_large 1-1,text,true,,6198,0,1,1,null,1062,0,0
1626611386632,2883,SQL QUERY 48,200,OK,Spark Thread Group 1 TB Delta SQL_Analytics_large 1-1,text,true,,26,0,1,1,null,2882,0,0
1626611389515,1825,SQL QUERY 49,200,OK,Spark Thread Group 1 TB Delta SQL_Analytics_large 1-1,text,true,,2616,0,1,1,null,1823,0,0
1626611391340,3328,SQL QUERY 50,200,OK,Spark Thread Group 1 TB Delta SQL_Analytics_large 1-1,text,true,,9373,0,1,1,null,3328,0,0
1626611394669,690,SQL QUERY 51,200,OK,Spark Thread Group 1 TB Delta SQL_Analytics_large 1-1,text,true,,4274,0,1,1,null,688,0,0
1626611395359,1941,SQL QUERY 52,200,OK,Spark Thread Group 1 TB Delta SQL_Analytics_large 1-1,text,true,,4163,0,1,1,null,1940,0,0
1626611397300,611,SQL QUERY 53,200,OK,Spark Thread Group 1 TB Delta SQL_Analytics_large 1-1,text,true,,2571,0,1,1,null,610,0,0
1626611397911,1030,SQL QUERY 54,200,OK,Spark Thread Group 1 TB Delta SQL_Analytics_large 1-1,text,true,,1434,0,1,1,null,1029,0,0
1626611398941,1949,SQL QUERY 55,200,OK,Spark Thread Group 1 TB Delta SQL_Analytics_large 1-1,text,true,,3614,0,1,1,null,1949,0,0
1626611400890,12448,SQL QUERY 56,200,OK,Spark Thread Group 1 TB Delta SQL_Analytics_large 1-1,text,true,,2722,0,1,1,null,12288,0,0
1626611413339,1214,SQL QUERY 57,200,OK,Spark Thread Group 1 TB Delta SQL_Analytics_large 1-1,text,true,,6754,0,1,1,null,1212,0,0
1626611414553,917,SQL QUERY 59,200,OK,Spark Thread Group 1 TB Delta SQL_Analytics_large 1-1,text,true,,19020,0,1,1,null,915,0,0
1626611415470,11852,SQL QUERY 60,200,OK,Spark Thread Group 1 TB Delta SQL_Analytics_large 1-1,text,true,,2722,0,1,1,null,11687,0,0
1626611427323,7226,SQL QUERY 61,200,OK,Spark Thread Group 1 TB Delta SQL_Analytics_large 1-1,text,true,,70,0,1,1,null,7225,0,0
1626611434549,2786,SQL QUERY 62,200,OK,Spark Thread Group 1 TB Delta SQL_Analytics_large 1-1,text,true,,5775,0,1,1,null,2785,0,0
1626611437335,580,SQL QUERY 63,200,OK,Spark Thread Group 1 TB Delta SQL_Analytics_large 1-1,text,true,,2769,0,1,1,null,580,0,0
1626611437915,4713,SQL QUERY 64,200,OK,Spark Thread Group 1 TB Delta SQL_Analytics_large 1-1,text,true,,1203107,0,1,1,null,4674,0,0
1626611442629,3517,SQL QUERY 65,200,OK,Spark Thread Group 1 TB Delta SQL_Analytics_large 1-1,text,true,,3740,0,1,1,null,3517,0,0
1626611446146,629,SQL QUERY 67,200,OK,Spark Thread Group 1 TB Delta SQL_Analytics_large 1-1,text,true,,6075,0,1,1,null,628,0,0
1626611446775,3866,SQL QUERY 68,200,OK,Spark Thread Group 1 TB Delta SQL_Analytics_large 1-1,text,true,,6419,0,1,1,null,3865,0,0
1626611450640,5343,SQL QUERY 69,200,OK,Spark Thread Group 1 TB Delta SQL_Analytics_large 1-1,text,true,,101,0,1,1,null,5343,0,0
1626611455983,4943,SQL QUERY 70,200,OK,Spark Thread Group 1 TB Delta SQL_Analytics_large 1-1,text,true,,1024,0,1,1,null,4942,0,0
1626611460926,13298,SQL QUERY 71,200,OK,Spark Thread Group 1 TB Delta SQL_Analytics_large 1-1,text,true,,13425298,0,1,1,null,4669,0,0
1626611474224,859,SQL QUERY 72,200,OK,Spark Thread Group 1 TB Delta SQL_Analytics_large 1-1,text,true,,11980,0,1,1,null,858,0,0
1626611475083,2330,SQL QUERY 73,200,OK,Spark Thread Group 1 TB Delta SQL_Analytics_large 1-1,text,true,,5004,0,1,1,null,2329,0,0
1626611477415,915,SQL QUERY 74,200,OK,Spark Thread Group 1 TB Delta SQL_Analytics_large 1-1,text,true,,3130,0,1,1,null,914,0,0
1626611478331,1907,SQL QUERY 75,200,OK,Spark Thread Group 1 TB Delta SQL_Analytics_large 1-1,text,true,,6315,0,1,1,null,1906,0,0
1626611480239,4823,SQL QUERY 76,200,OK,Spark Thread Group 1 TB Delta SQL_Analytics_large 1-1,text,true,,5592,0,1,1,null,4822,0,0
1626611485061,1647,SQL QUERY 77,200,OK,Spark Thread Group 1 TB Delta SQL_Analytics_large 1-1,text,true,,5762,0,1,1,null,1646,0,0
1626611486708,1535,SQL QUERY 78,200,OK,Spark Thread Group 1 TB Delta SQL_Analytics_large 1-1,text,true,,3870,0,1,1,null,1534,0,0
1626611488243,2768,SQL QUERY 79,200,OK,Spark Thread Group 1 TB Delta SQL_Analytics_large 1-1,text,true,,4213,0,1,1,null,2767,0,0
1626611491011,1714,SQL QUERY 80,200,OK,Spark Thread Group 1 TB Delta SQL_Analytics_large 1-1,text,true,,7762,0,1,1,null,1713,0,0
1626611492726,900,SQL QUERY 81,200,OK,Spark Thread Group 1 TB Delta SQL_Analytics_large 1-1,text,true,,13610,0,1,1,null,900,0,0
1626611493626,2051,SQL QUERY 82,200,OK,Spark Thread Group 1 TB Delta SQL_Analytics_large 1-1,text,true,,3617,0,1,1,null,2051,0,0
1626611495677,3395,SQL QUERY 83,200,OK,Spark Thread Group 1 TB Delta SQL_Analytics_large 1-1,text,true,,9468,0,1,1,null,3394,0,0
1626611499072,3085,SQL QUERY 84,200,OK,Spark Thread Group 1 TB Delta SQL_Analytics_large 1-1,text,true,,2225,0,1,1,null,3084,0,0
1626611502157,4196,SQL QUERY 85,200,OK,Spark Thread Group 1 TB Delta SQL_Analytics_large 1-1,text,true,,3279,0,1,1,null,4195,0,0
1626611506353,458,SQL QUERY 86,200,OK,Spark Thread Group 1 TB Delta SQL_Analytics_large 1-1,text,true,,2850,0,1,1,null,458,0,0
1626611506812,911,SQL QUERY 87,200,OK,Spark Thread Group 1 TB Delta SQL_Analytics_large 1-1,text,true,,18,0,1,1,null,910,0,0
1626611507723,14489,SQL QUERY 88,200,OK,Spark Thread Group 1 TB Delta SQL_Analytics_large 1-1,text,true,,163,0,1,1,null,14488,0,0
1626611522213,594,SQL QUERY 89,200,OK,Spark Thread Group 1 TB Delta SQL_Analytics_large 1-1,text,true,,7298,0,1,1,null,592,0,0
1626611522806,2996,SQL QUERY 90,200,OK,Spark Thread Group 1 TB Delta SQL_Analytics_large 1-1,text,true,,31,0,1,1,null,2995,0,0
1626611525802,3399,SQL QUERY 91,200,OK,Spark Thread Group 1 TB Delta SQL_Analytics_large 1-1,text,true,,2356,0,1,1,null,3399,0,0
1626611529201,2709,SQL QUERY 93,200,OK,Spark Thread Group 1 TB Delta SQL_Analytics_large 1-1,text,true,,1023,0,1,1,null,2708,0,0
1626611531910,4645,SQL QUERY 94,200,OK,Spark Thread Group 1 TB Delta SQL_Analytics_large 1-1,text,true,,79,0,1,1,null,4645,0,0
1626611536558,9121,SQL QUERY 95,200,OK,Spark Thread Group 1 TB Delta SQL_Analytics_large 1-1,text,true,,80,0,1,1,null,8965,0,0
1626611545678,2177,SQL QUERY 96,200,OK,Spark Thread Group 1 TB Delta SQL_Analytics_large 1-1,text,true,,16,0,1,1,null,2176,0,0
1626611547856,877,SQL QUERY 97,200,OK,Spark Thread Group 1 TB Delta SQL_Analytics_large 1-1,text,true,,68,0,1,1,null,876,0,0
1626611548733,4537,SQL QUERY 98,200,OK,Spark Thread Group 1 TB Delta SQL_Analytics_large 1-1,text,true,,7642922,0,1,1,null,1345,0,0
1626611553269,2969,SQL QUERY 99,200,OK,Spark Thread Group 1 TB Delta SQL_Analytics_large 1-1,text,true,,6292,0,1,1,null,2968,0,0
